accession,coreceptor-reduced,g2p-5.75,g2p-10,tcup-0.5,hivcopred-0.3,automute-svm-0.5,automute-rf-0.5,automute-nn-0.5,automute-bdt-0.5,phenoseq,web-pssm,rule-1125,rule-112425,net-charge-rule,raymonds-rule
L22956,NR5,R5,R5,R5,R5,R5,NR5,NR5,NR5,R5,R5,R5,R5,R5,R5
KP109522,NR5,R5,R5,R5,R5,R5,R5,R5,R5,R5,R5,R5,R5,R5,R5
KF770430,NR5,NR5,NR5,R5,NR5,NR5,NR5,NR5,NR5,NR5,NR5,NR5,NR5,NR5,NR5
KF770419,NR5,NR5,NR5,R5,NR5,NR5,R5,R5,NR5,NR5,NR5,NR5,NR5,NR5,NR5
KF770412,NR5,NR5,NR5,NR5,NR5,NR5,R5,R5,NR5,NR5,NR5,NR5,NR5,NR5,NR5
KF770281,NR5,NR5,NR5,R5,NR5,NR5,NR5,NR5,R5,NR5,NR5,NR5,NR5,NR5,NR5
KF770278,NR5,NR5,NR5,NR5,NR5,NR5,R5,NR5,R5,NR5,NR5,NR5,NR5,NR5,NR5
KF770276,NR5,R5,R5,R5,R5,R5,R5,R5,R5,NR5,NR5,NR5,NR5,R5,R5
KF770274,NR5,NR5,NR5,R5,NR5,R5,R5,R5,R5,NR5,NR5,NR5,NR5,NR5,NR5
KF770273,NR5,NR5,NR5,R5,NR5,NR5,R5,R5,R5,NR5,NR5,NR5,NR5,NR5,NR5
KF770272,NR5,NR5,NR5,R5,NR5,R5,R5,R5,R5,NR5,NR5,NR5,NR5,NR5,NR5
KF770271,NR5,R5,R5,R5,R5,NR5,NR5,R5,NR5,R5,NR5,R5,R5,NR5,R5
KF770248,NR5,NR5,NR5,R5,NR5,R5,R5,R5,R5,NR5,NR5,NR5,NR5,R5,NR5
KF766540,NR5,NR5,NR5,R5,R5,R5,R5,R5,R5,NR5,R5,R5,R5,R5,R5
FJ541294,NR5,NR5,NR5,R5,NR5,R5,R5,R5,R5,NR5,NR5,NR5,NR5,NR5,NR5
FJ541291,NR5,NR5,NR5,R5,NR5,R5,R5,R5,R5,NR5,NR5,NR5,NR5,R5,R5
FJ376032,NR5,R5,R5,R5,NR5,R5,R5,R5,R5,R5,R5,R5,R5,R5,R5
DQ904343,NR5,NR5,NR5,R5,NR5,NR5,NR5,NR5,NR5,NR5,NR5,R5,R5,NR5,R5
DQ904342,NR5,NR5,NR5,R5,NR5,R5,NR5,NR5,NR5,R5,NR5,NR5,NR5,NR5,NR5
DQ904341,NR5,NR5,NR5,R5,NR5,NR5,R5,R5,NR5,NR5,NR5,R5,R5,NR5,R5
DQ904340,NR5,NR5,NR5,R5,R5,R5,R5,R5,R5,NR5,R5,R5,R5,R5,R5
DQ904339,NR5,NR5,NR5,R5,NR5,NR5,NR5,NR5,NR5,NR5,NR5,NR5,NR5,NR5,NR5
DQ382379,NR5,NR5,NR5,R5,NR5,R5,R5,R5,R5,NR5,NR5,NR5,NR5,R5,NR5
DQ382378,NR5,NR5,NR5,NR5,NR5,NR5,NR5,NR5,NR5,NR5,NR5,NR5,NR5,NR5,NR5
DQ382372,NR5,NR5,NR5,NR5,NR5,NR5,NR5,NR5,NR5,NR5,NR5,NR5,NR5,NR5,NR5
DQ358756,NR5,NR5,NR5,R5,NR5,NR5,R5,R5,R5,NR5,NR5,NR5,NR5,NR5,NR5
AY887869,NR5,NR5,NR5,R5,NR5,NR5,NR5,NR5,NR5,NR5,NR5,NR5,NR5,R5,NR5
AY265950,NR5,NR5,NR5,R5,NR5,R5,NR5,NR5,NR5,NR5,NR5,R5,R5,R5,R5
AY265948,NR5,R5,R5,R5,NR5,R5,R5,R5,R5,NR5,R5,R5,R5,NR5,R5
AY265945,NR5,R5,R5,R5,NR5,NR5,NR5,NR5,NR5,NR5,NR5,R5,R5,R5,R5
AY265931,NR5,NR5,NR5,R5,NR5,R5,R5,R5,R5,R5,NR5,NR5,NR5,R5,NR5
AY265930,NR5,NR5,NR5,R5,NR5,R5,R5,R5,R5,NR5,NR5,NR5,NR5,NR5,NR5
AY043174,NR5,NR5,NR5,R5,R5,R5,R5,R5,R5,R5,R5,R5,R5,R5,R5
U45485,R5,R5,R5,R5,R5,R5,R5,R5,R5,R5,R5,R5,R5,R5,R5
U08720,R5,R5,R5,R5,R5,R5,R5,R5,R5,R5,R5,R5,R5,R5,R5
U08455,R5,R5,R5,R5,R5,R5,R5,R5,R5,R5,R5,R5,R5,R5,R5
U08454,R5,R5,R5,R5,R5,R5,R5,R5,R5,R5,R5,R5,R5,R5,R5
L48068,R5,R5,R5,R5,NR5,R5,R5,R5,R5,R5,R5,R5,R5,R5,R5
KY658711,R5,R5,R5,R5,R5,R5,R5,R5,R5,R5,R5,R5,R5,R5,R5
KY658709,R5,R5,R5,R5,R5,R5,R5,R5,R5,R5,R5,R5,R5,R5,R5
KY658708,R5,R5,R5,R5,R5,R5,R5,R5,R5,R5,R5,R5,R5,R5,R5
KY658705,R5,R5,R5,R5,R5,R5,R5,R5,R5,R5,R5,R5,R5,R5,R5
KY658704,R5,R5,R5,R5,R5,R5,R5,R5,R5,R5,R5,R5,R5,R5,R5
KU749426,R5,R5,R5,R5,R5,NR5,R5,R5,NR5,R5,R5,R5,R5,R5,R5
KU749425,R5,R5,R5,R5,R5,R5,R5,R5,R5,R5,R5,R5,R5,R5,R5
KU749417,R5,R5,R5,R5,R5,R5,R5,R5,R5,R5,R5,R5,R5,R5,R5
KU749416,R5,R5,R5,R5,R5,R5,R5,R5,R5,R5,R5,R5,R5,R5,R5
KU749415,R5,R5,R5,R5,R5,R5,R5,R5,R5,R5,R5,R5,R5,R5,R5
KU749393,R5,R5,R5,R5,R5,R5,R5,R5,R5,R5,R5,R5,R5,R5,R5
KU749392,R5,R5,R5,R5,R5,R5,R5,R5,R5,R5,R5,R5,R5,R5,R5
KU749391,R5,R5,R5,R5,R5,R5,R5,NR5,R5,R5,NR5,R5,NR5,R5,R5
KP693361,R5,R5,R5,R5,R5,R5,R5,R5,R5,NR5,R5,R5,R5,NR5,R5
KP109527,R5,R5,R5,R5,NR5,R5,R5,R5,R5,NR5,NR5,R5,R5,R5,R5
KP109524,R5,R5,R5,R5,R5,R5,R5,R5,R5,R5,R5,R5,R5,R5,R5
KP109523,R5,R5,R5,R5,R5,R5,R5,R5,R5,R5,R5,R5,R5,R5,R5
KP109520,R5,R5,R5,R5,R5,R5,R5,R5,R5,R5,R5,R5,R5,R5,R5
KP109517,R5,R5,R5,R5,R5,R5,R5,R5,R5,R5,R5,R5,R5,R5,R5
KP109516,R5,R5,R5,R5,R5,R5,R5,NR5,R5,R5,R5,R5,R5,R5,R5
KP109496,R5,R5,R5,R5,R5,R5,R5,R5,R5,R5,R5,R5,R5,R5,R5
KP109495,R5,R5,R5,R5,R5,R5,R5,R5,R5,R5,R5,R5,R5,NR5,R5
KP109494,R5,R5,R5,R5,R5,R5,R5,R5,R5,R5,R5,R5,R5,R5,R5
KP109486,R5,R5,R5,R5,R5,R5,R5,R5,R5,R5,R5,R5,R5,R5,R5
KF770455,R5,R5,R5,R5,R5,R5,R5,R5,R5,R5,NR5,R5,R5,R5,R5
KF770445,R5,R5,R5,R5,R5,R5,R5,R5,R5,R5,NR5,R5,R5,R5,R5
KF770437,R5,R5,NR5,R5,R5,R5,R5,R5,R5,NR5,NR5,NR5,NR5,R5,R5
KF770400,R5,R5,R5,R5,R5,R5,R5,R5,R5,R5,R5,R5,R5,R5,R5
KF770399,R5,R5,R5,R5,R5,R5,R5,R5,R5,R5,R5,R5,R5,R5,R5
KF770392,R5,R5,R5,R5,R5,R5,R5,R5,R5,R5,R5,R5,R5,R5,R5
KF770389,R5,R5,R5,R5,R5,R5,R5,R5,R5,R5,R5,R5,R5,R5,R5
KF770385,R5,R5,R5,R5,R5,R5,R5,R5,R5,R5,R5,R5,R5,R5,R5
KF770377,R5,R5,R5,R5,R5,R5,R5,R5,R5,NR5,NR5,NR5,NR5,R5,R5
KF770374,R5,R5,R5,R5,R5,R5,R5,R5,R5,NR5,NR5,NR5,NR5,NR5,NR5
KF770373,R5,R5,R5,R5,R5,R5,R5,R5,R5,NR5,NR5,NR5,NR5,R5,R5
KF770371,R5,R5,R5,R5,R5,R5,R5,R5,R5,R5,R5,R5,R5,R5,R5
KF770367,R5,R5,R5,R5,R5,R5,R5,R5,R5,R5,R5,R5,R5,R5,R5
KF770366,R5,R5,R5,R5,R5,R5,R5,R5,R5,R5,R5,R5,R5,R5,R5
KF770359,R5,R5,R5,R5,R5,R5,R5,R5,R5,R5,R5,R5,R5,R5,R5
KF770358,R5,R5,R5,R5,R5,R5,R5,R5,R5,NR5,NR5,NR5,NR5,R5,R5
KF770356,R5,R5,R5,R5,R5,R5,R5,R5,R5,NR5,NR5,NR5,NR5,R5,R5
KF770342,R5,R5,R5,R5,R5,R5,R5,R5,R5,R5,R5,R5,R5,R5,R5
KF770341,R5,R5,NR5,R5,R5,R5,R5,R5,R5,NR5,NR5,R5,R5,R5,R5
KF770340,R5,R5,R5,R5,R5,R5,R5,R5,R5,R5,R5,R5,R5,R5,R5
KF770339,R5,R5,NR5,R5,NR5,R5,R5,R5,R5,R5,R5,R5,R5,R5,R5
KF770332,R5,R5,R5,R5,R5,R5,R5,R5,R5,R5,R5,R5,R5,R5,R5
KF770331,R5,R5,R5,R5,R5,R5,R5,R5,R5,NR5,R5,R5,R5,R5,R5
KF770329,R5,R5,R5,R5,R5,R5,R5,R5,R5,R5,R5,R5,R5,R5,R5
KF770327,R5,R5,R5,R5,R5,R5,R5,R5,R5,NR5,NR5,R5,R5,R5,R5
KF770326,R5,R5,R5,R5,R5,R5,R5,NR5,R5,R5,NR5,R5,R5,R5,R5
KF770319,R5,R5,R5,R5,R5,R5,R5,R5,R5,R5,R5,R5,R5,R5,R5
KF770315,R5,R5,R5,R5,R5,R5,R5,R5,R5,R5,R5,R5,R5,R5,R5
KF770313,R5,R5,R5,R5,R5,R5,R5,R5,R5,R5,NR5,R5,R5,R5,R5
KF770311,R5,R5,R5,R5,R5,R5,R5,R5,R5,R5,NR5,R5,R5,R5,R5
KF770308,R5,R5,R5,R5,R5,R5,R5,R5,R5,R5,R5,R5,R5,R5,R5
KF770306,R5,R5,R5,R5,R5,R5,R5,R5,R5,R5,NR5,R5,R5,R5,R5
KF770305,R5,NR5,NR5,R5,NR5,R5,R5,NR5,R5,NR5,NR5,R5,R5,R5,R5
KF770295,R5,R5,R5,R5,R5,R5,R5,R5,R5,R5,R5,R5,R5,R5,R5
KF770293,R5,R5,R5,R5,NR5,R5,R5,R5,R5,R5,R5,R5,R5,R5,R5
KF770290,R5,R5,R5,R5,R5,R5,R5,NR5,R5,R5,R5,R5,R5,NR5,R5
KF766537,R5,R5,R5,R5,R5,R5,R5,R5,R5,R5,R5,R5,R5,R5,R5
KF716467,R5,R5,R5,R5,R5,R5,R5,R5,R5,R5,R5,R5,R5,R5,R5
KF716466,R5,R5,R5,R5,R5,R5,R5,R5,R5,NR5,NR5,R5,R5,R5,R5
KC156335,R5,R5,R5,R5,NR5,R5,R5,R5,R5,NR5,NR5,R5,R5,R5,R5
KC156332,R5,R5,R5,R5,R5,R5,R5,R5,R5,NR5,NR5,R5,R5,R5,R5
KC156330,R5,R5,R5,R5,R5,R5,R5,R5,R5,R5,NR5,R5,R5,R5,R5
KC156326,R5,R5,R5,R5,R5,R5,R5,R5,R5,NR5,NR5,R5,R5,R5,R5
KC156324,R5,R5,NR5,R5,R5,NR5,R5,NR5,R5,R5,R5,R5,R5,R5,R5
KC156322,R5,R5,R5,R5,R5,R5,R5,R5,R5,R5,NR5,R5,R5,R5,R5
KC156320,R5,R5,NR5,R5,R5,R5,R5,R5,R5,NR5,NR5,R5,R5,R5,R5
KC156318,R5,R5,NR5,R5,R5,NR5,R5,NR5,R5,R5,R5,R5,R5,R5,R5
KC156284,R5,R5,R5,R5,R5,R5,R5,R5,R5,R5,R5,R5,R5,R5,R5
KC156277,R5,R5,R5,R5,R5,R5,R5,R5,R5,R5,R5,R5,R5,R5,R5
KC156272,R5,R5,R5,R5,R5,R5,R5,R5,R5,R5,R5,R5,R5,R5,R5
KC156219,R5,R5,R5,R5,R5,R5,R5,R5,R5,R5,R5,R5,R5,NR5,R5
KC156217,R5,R5,NR5,R5,R5,NR5,R5,NR5,R5,R5,R5,R5,R5,R5,R5
KC156216,R5,R5,NR5,R5,R5,NR5,R5,NR5,R5,R5,R5,R5,R5,R5,R5
KC156124,R5,R5,R5,R5,R5,R5,R5,R5,R5,R5,R5,R5,R5,R5,R5
KC156120,R5,R5,R5,R5,R5,R5,R5,R5,R5,R5,R5,R5,R5,R5,R5
KC156118,R5,R5,R5,R5,R5,R5,R5,R5,R5,R5,R5,R5,R5,R5,R5
KC156117,R5,R5,R5,R5,NR5,R5,R5,R5,R5,NR5,R5,NR5,NR5,R5,R5
JX973234,R5,R5,R5,R5,R5,R5,R5,R5,R5,R5,R5,R5,R5,R5,R5
JX973171,R5,R5,R5,R5,R5,R5,R5,R5,R5,R5,R5,R5,R5,R5,R5
JX973084,R5,R5,R5,R5,R5,R5,NR5,R5,R5,R5,R5,R5,R5,R5,R5
JX973075,R5,R5,R5,R5,R5,R5,R5,R5,R5,R5,R5,R5,R5,R5,R5
JX972931,R5,R5,R5,R5,NR5,R5,R5,NR5,R5,NR5,NR5,R5,R5,R5,R5
JX972838,R5,R5,R5,R5,R5,R5,R5,R5,R5,R5,R5,R5,R5,R5,R5
JX972455,R5,R5,R5,R5,R5,R5,R5,R5,R5,R5,R5,R5,R5,R5,R5
JX508873,R5,R5,R5,R5,R5,R5,R5,R5,R5,R5,R5,R5,R5,R5,R5
JX508864,R5,R5,R5,R5,R5,R5,R5,R5,R5,R5,R5,R5,R5,R5,R5
JX508863,R5,R5,R5,R5,R5,R5,R5,R5,R5,R5,R5,R5,R5,R5,R5
JX140669,R5,R5,R5,R5,R5,R5,R5,R5,R5,R5,R5,R5,R5,R5,R5
JX140668,R5,R5,R5,R5,R5,R5,R5,R5,R5,R5,NR5,R5,R5,R5,R5
JX140667,R5,R5,R5,R5,R5,R5,R5,R5,R5,NR5,R5,R5,R5,R5,R5
JQ779913,R5,R5,R5,R5,R5,R5,R5,R5,R5,R5,NR5,R5,R5,R5,R5
JQ779908,R5,R5,R5,R5,R5,R5,R5,R5,R5,R5,NR5,R5,R5,R5,R5
JQ779895,R5,R5,R5,R5,R5,R5,R5,R5,R5,R5,NR5,R5,R5,R5,R5
JQ779890,R5,R5,R5,R5,NR5,R5,R5,R5,R5,R5,NR5,R5,R5,R5,R5
JQ779884,R5,R5,R5,R5,R5,R5,R5,R5,R5,R5,NR5,R5,R5,R5,R5
JQ779313,R5,R5,R5,R5,R5,R5,R5,R5,R5,R5,R5,R5,R5,R5,R5
JQ779311,R5,R5,R5,R5,R5,R5,R5,R5,R5,R5,R5,R5,R5,R5,R5
JQ779309,R5,R5,R5,R5,R5,R5,R5,R5,R5,R5,R5,R5,R5,R5,R5
JQ779308,R5,R5,R5,R5,R5,R5,R5,R5,R5,R5,R5,R5,R5,R5,R5
JQ779289,R5,R5,R5,R5,R5,R5,R5,R5,R5,R5,R5,R5,R5,R5,R5
JQ779253,R5,R5,R5,R5,R5,NR5,R5,R5,R5,R5,NR5,R5,R5,R5,R5
JQ779251,R5,R5,R5,R5,R5,R5,R5,R5,R5,NR5,NR5,R5,R5,NR5,R5
JQ779247,R5,R5,R5,R5,R5,R5,R5,R5,R5,R5,NR5,R5,R5,NR5,R5
JQ779245,R5,R5,R5,R5,R5,R5,R5,NR5,R5,NR5,NR5,R5,R5,R5,R5
JQ779242,R5,R5,R5,R5,R5,NR5,R5,NR5,R5,R5,NR5,R5,R5,R5,R5
JQ779238,R5,R5,R5,R5,R5,R5,R5,R5,R5,R5,R5,R5,R5,NR5,R5
JQ779236,R5,R5,R5,R5,R5,R5,R5,R5,R5,R5,NR5,R5,R5,R5,R5
JQ779233,R5,R5,R5,R5,R5,R5,R5,R5,R5,R5,NR5,R5,R5,R5,R5
JQ779230,R5,R5,R5,R5,R5,R5,R5,R5,R5,R5,NR5,R5,R5,NR5,R5
JQ779228,R5,R5,R5,R5,R5,NR5,R5,NR5,R5,R5,NR5,R5,R5,R5,R5
JQ779226,R5,R5,R5,R5,R5,R5,R5,NR5,R5,R5,NR5,R5,R5,R5,R5
JQ779204,R5,R5,R5,R5,R5,R5,R5,R5,R5,R5,R5,R5,R5,R5,R5
JQ779182,R5,R5,R5,R5,R5,R5,R5,NR5,R5,R5,R5,R5,R5,R5,R5
JQ779177,R5,R5,R5,R5,R5,R5,R5,R5,R5,R5,R5,R5,R5,R5,R5
JQ779175,R5,R5,R5,R5,R5,R5,R5,R5,R5,R5,R5,R5,R5,R5,R5
JQ779172,R5,R5,R5,R5,R5,R5,R5,R5,R5,R5,R5,R5,R5,R5,R5
JQ779128,R5,R5,R5,R5,R5,R5,R5,R5,R5,R5,R5,R5,R5,R5,R5
JQ779080,R5,R5,R5,R5,R5,R5,R5,R5,R5,R5,R5,R5,R5,R5,R5
JQ779074,R5,R5,R5,R5,NR5,R5,R5,R5,R5,R5,R5,R5,R5,R5,R5
JQ777192,R5,R5,R5,R5,R5,R5,R5,R5,R5,R5,R5,R5,R5,R5,R5
JQ777183,R5,R5,R5,R5,NR5,R5,R5,R5,R5,R5,R5,R5,R5,R5,R5
JQ777168,R5,R5,R5,R5,R5,R5,R5,R5,R5,R5,R5,R5,R5,R5,R5
JQ777166,R5,R5,R5,R5,NR5,R5,R5,R5,R5,R5,R5,R5,R5,R5,R5
JN687737,R5,R5,R5,R5,R5,R5,R5,R5,R5,R5,R5,R5,R5,R5,R5
JN687734,R5,NR5,NR5,R5,R5,R5,R5,R5,R5,NR5,NR5,R5,R5,R5,R5
JN687726,R5,NR5,NR5,R5,R5,R5,R5,NR5,NR5,R5,NR5,R5,R5,R5,R5
JN687725,R5,R5,R5,R5,R5,R5,R5,R5,R5,R5,R5,R5,R5,R5,R5
JN687724,R5,R5,R5,R5,R5,R5,R5,R5,R5,R5,R5,R5,R5,R5,R5
JN687719,R5,R5,R5,R5,R5,R5,R5,R5,R5,NR5,R5,R5,R5,NR5,R5
JN687718,R5,R5,R5,R5,R5,R5,R5,R5,R5,R5,R5,R5,R5,R5,R5
JN687717,R5,R5,R5,R5,R5,R5,R5,R5,R5,R5,R5,R5,R5,R5,R5
JN687704,R5,R5,R5,R5,R5,R5,R5,R5,R5,R5,R5,R5,R5,R5,R5
JN687694,R5,R5,R5,R5,R5,R5,R5,R5,R5,R5,R5,R5,R5,R5,R5
JN188292,R5,R5,R5,R5,R5,R5,R5,R5,R5,R5,R5,R5,R5,R5,R5
HQ708091,R5,R5,R5,R5,R5,R5,R5,R5,R5,NR5,NR5,R5,R5,R5,R5
HQ708082,R5,NR5,NR5,R5,NR5,NR5,NR5,NR5,R5,NR5,NR5,R5,R5,R5,R5
HQ708081,R5,R5,R5,R5,R5,R5,R5,R5,R5,NR5,NR5,R5,R5,R5,R5
HQ708080,R5,R5,NR5,R5,R5,R5,R5,NR5,R5,NR5,NR5,R5,R5,R5,R5
HQ708079,R5,R5,NR5,R5,R5,R5,R5,NR5,R5,NR5,NR5,R5,R5,R5,R5
HQ708074,R5,R5,R5,R5,R5,R5,R5,R5,R5,R5,R5,R5,R5,R5,R5
HQ708071,R5,R5,R5,R5,NR5,R5,R5,R5,R5,R5,NR5,R5,R5,R5,R5
HQ708070,R5,R5,R5,R5,R5,R5,R5,R5,R5,R5,R5,R5,R5,R5,R5
HQ708068,R5,R5,R5,R5,R5,R5,R5,R5,R5,R5,R5,R5,R5,R5,R5
HQ708067,R5,R5,NR5,R5,NR5,R5,R5,R5,R5,R5,NR5,NR5,NR5,R5,NR5
HQ708066,R5,NR5,NR5,R5,R5,R5,R5,R5,R5,R5,NR5,R5,R5,R5,R5
HQ708065,R5,NR5,NR5,R5,R5,R5,R5,R5,R5,R5,NR5,R5,R5,R5,R5
HQ708064,R5,R5,NR5,R5,R5,R5,R5,R5,R5,R5,NR5,R5,R5,R5,R5
HQ708063,R5,R5,NR5,R5,R5,R5,R5,R5,R5,R5,R5,R5,R5,R5,R5
HQ708061,R5,R5,R5,R5,R5,R5,R5,R5,R5,R5,R5,R5,R5,NR5,R5
HQ708060,R5,R5,R5,R5,R5,R5,R5,R5,R5,R5,R5,R5,R5,R5,R5
HQ708059,R5,R5,R5,R5,NR5,R5,R5,R5,R5,R5,R5,R5,R5,NR5,R5
HQ708055,R5,R5,R5,R5,R5,R5,R5,R5,R5,R5,R5,R5,R5,NR5,R5
HQ708052,R5,R5,R5,R5,R5,R5,R5,R5,R5,R5,R5,R5,R5,R5,R5
HQ708049,R5,R5,R5,R5,R5,R5,R5,R5,R5,R5,NR5,R5,R5,NR5,R5
HQ708048,R5,R5,R5,R5,R5,R5,R5,R5,R5,R5,R5,R5,R5,NR5,R5
HQ708047,R5,R5,R5,R5,NR5,R5,R5,R5,R5,R5,R5,R5,R5,NR5,R5
HQ708033,R5,R5,R5,R5,R5,NR5,NR5,NR5,NR5,R5,R5,R5,R5,R5,R5
HQ708031,R5,R5,R5,R5,R5,R5,R5,R5,R5,R5,R5,R5,R5,R5,R5
HQ708030,R5,R5,R5,R5,R5,R5,R5,R5,R5,R5,R5,R5,R5,R5,R5
HQ708029,R5,R5,R5,R5,R5,R5,R5,R5,R5,R5,R5,R5,R5,R5,R5
HQ708028,R5,R5,R5,R5,R5,R5,R5,R5,R5,R5,R5,R5,R5,R5,R5
HQ708024,R5,R5,R5,R5,R5,R5,R5,R5,R5,R5,R5,R5,R5,R5,R5
HQ708023,R5,R5,R5,R5,R5,R5,R5,R5,R5,R5,R5,R5,R5,NR5,R5
HQ708022,R5,R5,R5,R5,R5,R5,R5,R5,R5,R5,R5,R5,R5,R5,R5
HQ708020,R5,R5,R5,R5,R5,R5,R5,R5,R5,R5,R5,R5,R5,R5,R5
HQ708019,R5,R5,R5,R5,R5,R5,R5,R5,R5,R5,R5,R5,R5,R5,R5
HQ699981,R5,R5,R5,R5,R5,R5,R5,R5,R5,R5,R5,R5,R5,R5,R5
HQ678257,R5,R5,R5,R5,R5,R5,R5,R5,R5,R5,R5,R5,R5,R5,R5
HM239538,R5,R5,R5,R5,R5,R5,R5,R5,R5,R5,R5,R5,R5,R5,R5
HM215412,R5,R5,R5,R5,R5,R5,R5,R5,R5,R5,R5,R5,R5,R5,R5
HM215411,R5,R5,R5,R5,R5,R5,R5,R5,R5,R5,R5,R5,R5,R5,R5
HM215403,R5,R5,R5,R5,R5,R5,R5,R5,R5,R5,R5,R5,R5,R5,R5
HM179948,R5,R5,R5,R5,R5,R5,R5,R5,R5,R5,R5,R5,R5,R5,R5
HM179942,R5,R5,R5,R5,R5,R5,R5,R5,R5,NR5,R5,R5,R5,R5,R5
HM179930,R5,R5,R5,R5,R5,R5,R5,R5,R5,R5,R5,R5,R5,R5,R5
HM179927,R5,R5,R5,R5,R5,R5,R5,R5,R5,R5,R5,R5,R5,R5,R5
HM179921,R5,R5,R5,R5,R5,R5,R5,R5,R5,R5,R5,R5,R5,R5,R5
HM179917,R5,R5,R5,R5,R5,R5,R5,R5,R5,R5,R5,R5,R5,R5,R5
HM179911,R5,R5,R5,R5,R5,R5,R5,NR5,R5,R5,R5,R5,R5,R5,R5
HM179833,R5,R5,R5,R5,R5,R5,R5,R5,R5,R5,R5,R5,R5,R5,R5
HM179830,R5,R5,R5,R5,R5,R5,R5,R5,R5,R5,R5,R5,R5,R5,R5
HM179824,R5,R5,R5,R5,R5,R5,R5,R5,R5,R5,R5,R5,R5,R5,R5
HM179822,R5,R5,R5,R5,R5,R5,R5,R5,R5,R5,R5,R5,R5,R5,R5
HM179819,R5,R5,R5,R5,R5,R5,R5,R5,R5,R5,R5,R5,R5,R5,R5
HM179818,R5,R5,R5,R5,R5,R5,R5,NR5,R5,R5,R5,R5,R5,R5,R5
HM179801,R5,R5,R5,R5,R5,R5,R5,NR5,R5,R5,R5,R5,R5,R5,R5
HM179799,R5,R5,R5,R5,R5,R5,R5,NR5,R5,R5,R5,R5,R5,R5,R5
HM179793,R5,R5,R5,R5,R5,R5,R5,NR5,R5,NR5,NR5,R5,R5,R5,R5
HM179735,R5,R5,R5,R5,R5,R5,R5,R5,R5,R5,R5,R5,R5,R5,R5
HM179732,R5,R5,R5,R5,R5,R5,R5,R5,R5,R5,R5,R5,R5,R5,R5
HM179723,R5,R5,R5,R5,R5,R5,R5,R5,R5,R5,R5,R5,R5,R5,R5
HM179713,R5,R5,R5,R5,R5,R5,R5,R5,R5,R5,R5,R5,R5,R5,R5
GU945327,R5,R5,R5,R5,R5,R5,R5,R5,R5,R5,R5,R5,R5,R5,R5
GU945319,R5,R5,R5,R5,R5,R5,R5,R5,R5,R5,R5,R5,R5,R5,R5
GU945316,R5,R5,R5,R5,R5,R5,R5,R5,R5,R5,R5,R5,R5,R5,R5
GU945315,R5,R5,R5,R5,R5,R5,R5,R5,R5,R5,R5,R5,R5,R5,R5
GU945314,R5,R5,R5,R5,R5,R5,R5,R5,R5,R5,R5,R5,R5,R5,R5
GU945312,R5,R5,R5,R5,R5,R5,R5,R5,R5,NR5,R5,R5,R5,R5,R5
GU945309,R5,R5,R5,R5,R5,R5,R5,R5,R5,R5,R5,R5,R5,R5,R5
FJ977095,R5,R5,R5,R5,R5,R5,R5,R5,R5,R5,R5,R5,R5,R5,R5
FJ977094,R5,R5,R5,R5,R5,R5,R5,R5,R5,R5,R5,R5,R5,R5,R5
FJ977091,R5,R5,R5,R5,R5,R5,R5,R5,R5,R5,R5,R5,R5,R5,R5
FJ977090,R5,R5,R5,R5,R5,R5,R5,R5,R5,R5,R5,R5,R5,R5,R5
FJ977083,R5,R5,R5,R5,R5,R5,R5,R5,R5,R5,R5,R5,R5,R5,R5
FJ977079,R5,R5,R5,R5,R5,R5,R5,R5,R5,R5,R5,R5,R5,R5,R5
FJ670521,R5,R5,R5,R5,R5,R5,R5,R5,R5,R5,R5,R5,R5,R5,R5
FJ653281,R5,R5,R5,R5,R5,R5,R5,R5,R5,R5,R5,R5,R5,R5,R5
FJ653279,R5,R5,R5,R5,R5,R5,R5,R5,R5,R5,R5,R5,R5,R5,R5
FJ376030,R5,NR5,NR5,R5,R5,R5,R5,R5,R5,R5,NR5,R5,R5,R5,R5
FJ376028,R5,R5,R5,R5,R5,R5,R5,R5,R5,R5,R5,R5,R5,R5,R5
FJ376025,R5,NR5,NR5,R5,R5,R5,R5,R5,R5,R5,NR5,R5,R5,NR5,R5
FJ376016,R5,R5,R5,R5,R5,R5,R5,R5,R5,R5,R5,R5,R5,R5,R5
FJ376015,R5,R5,R5,R5,R5,R5,R5,R5,R5,R5,R5,R5,R5,R5,R5
FJ376014,R5,R5,R5,R5,R5,R5,R5,R5,R5,R5,R5,R5,R5,R5,R5
FJ376012,R5,R5,R5,R5,R5,R5,R5,R5,R5,R5,R5,R5,R5,R5,R5
FJ375996,R5,R5,R5,R5,R5,R5,R5,R5,R5,NR5,NR5,R5,R5,R5,R5
FJ375995,R5,R5,R5,R5,R5,R5,R5,R5,R5,NR5,R5,R5,R5,NR5,R5
FJ375994,R5,R5,R5,R5,R5,R5,R5,R5,R5,R5,NR5,R5,R5,R5,R5
FJ375988,R5,R5,R5,R5,R5,R5,R5,R5,R5,R5,R5,R5,R5,R5,R5
FJ375987,R5,R5,R5,R5,R5,R5,R5,R5,R5,R5,R5,R5,R5,R5,R5
FJ375985,R5,R5,R5,R5,R5,R5,R5,R5,R5,R5,R5,R5,R5,R5,R5
FJ375982,R5,NR5,NR5,R5,R5,R5,R5,R5,R5,NR5,NR5,R5,R5,R5,R5
EU908225,R5,R5,R5,R5,R5,R5,R5,R5,R5,R5,R5,R5,R5,R5,R5
EU908221,R5,R5,R5,R5,R5,R5,R5,R5,R5,R5,R5,R5,R5,R5,R5
EU908218,R5,R5,R5,R5,R5,R5,R5,R5,R5,R5,R5,R5,R5,R5,R5
EU908216,R5,R5,R5,R5,R5,R5,R5,R5,R5,NR5,R5,R5,R5,NR5,R5
EU908214,R5,R5,R5,R5,R5,R5,R5,R5,R5,R5,R5,R5,R5,R5,R5
EU884500,R5,R5,R5,R5,R5,R5,R5,R5,R5,R5,R5,R5,R5,R5,R5
EU786681,R5,R5,R5,R5,R5,R5,R5,R5,R5,R5,R5,R5,R5,R5,R5
EU786673,R5,R5,R5,R5,R5,R5,R5,R5,R5,R5,R5,R5,R5,R5,R5
EU293450,R5,R5,R5,R5,R5,R5,R5,R5,R5,R5,R5,R5,R5,R5,R5
EU293449,R5,R5,R5,R5,NR5,R5,R5,R5,R5,NR5,NR5,R5,R5,R5,R5
EU293448,R5,R5,R5,R5,R5,R5,R5,R5,R5,R5,R5,R5,R5,R5,R5
EU293447,R5,R5,R5,R5,R5,R5,R5,R5,R5,R5,R5,R5,R5,R5,R5
EU293446,R5,R5,R5,R5,R5,R5,R5,R5,R5,NR5,R5,R5,R5,R5,R5
EU293445,R5,R5,R5,R5,R5,R5,R5,R5,R5,R5,R5,R5,R5,R5,R5
EU161643,R5,R5,R5,R5,R5,R5,R5,R5,R5,R5,R5,R5,R5,R5,R5
EF117274,R5,R5,R5,R5,R5,R5,R5,R5,R5,R5,R5,R5,R5,R5,R5
EF117272,R5,R5,R5,R5,R5,R5,R5,R5,R5,R5,R5,R5,R5,R5,R5
EF117271,R5,R5,R5,R5,R5,R5,R5,R5,R5,R5,R5,R5,R5,R5,R5
EF117269,R5,R5,R5,R5,NR5,R5,R5,R5,R5,NR5,R5,R5,R5,R5,R5
EF117268,R5,R5,R5,R5,R5,R5,R5,R5,R5,R5,R5,R5,R5,R5,R5
EF117267,R5,R5,R5,R5,R5,R5,R5,R5,R5,NR5,NR5,R5,R5,R5,R5
EF117265,R5,R5,R5,R5,R5,R5,R5,R5,R5,R5,R5,R5,R5,R5,R5
DQ904350,R5,R5,R5,R5,R5,R5,R5,R5,R5,R5,R5,R5,R5,R5,R5
DQ904349,R5,R5,R5,R5,R5,R5,R5,R5,R5,NR5,R5,R5,R5,R5,R5
DQ904346,R5,R5,R5,R5,R5,R5,R5,R5,R5,R5,R5,R5,R5,R5,R5
DQ904338,R5,R5,R5,R5,R5,R5,R5,R5,R5,R5,R5,R5,R5,R5,R5
DQ904337,R5,R5,R5,R5,R5,R5,R5,R5,R5,R5,R5,R5,R5,R5,R5
DQ904335,R5,R5,R5,R5,R5,R5,R5,R5,R5,R5,R5,R5,R5,R5,R5
DQ904334,R5,R5,R5,R5,R5,R5,R5,R5,R5,R5,R5,R5,R5,R5,R5
DQ435684,R5,R5,R5,R5,R5,R5,R5,R5,R5,R5,R5,R5,R5,R5,R5
DQ435683,R5,R5,R5,R5,R5,R5,R5,R5,R5,R5,R5,R5,R5,R5,R5
DQ435682,R5,R5,R5,R5,R5,R5,R5,R5,R5,R5,R5,R5,R5,R5,R5
DQ422948,R5,R5,R5,R5,R5,R5,R5,R5,R5,NR5,R5,R5,R5,NR5,R5
DQ411850,R5,R5,R5,R5,R5,R5,R5,R5,R5,NR5,R5,R5,R5,R5,R5
DQ388517,R5,R5,R5,R5,R5,R5,R5,R5,R5,R5,R5,R5,R5,R5,R5
DQ388516,R5,R5,NR5,R5,R5,R5,R5,R5,R5,R5,R5,R5,R5,R5,R5
DQ388515,R5,R5,R5,R5,R5,R5,R5,R5,R5,R5,R5,R5,R5,R5,R5
DQ388514,R5,R5,R5,R5,R5,R5,R5,R5,R5,R5,R5,R5,R5,R5,R5
DQ382380,R5,R5,R5,R5,R5,R5,R5,R5,R5,R5,R5,R5,R5,R5,R5
DQ382376,R5,R5,R5,R5,R5,R5,R5,R5,R5,R5,R5,R5,R5,R5,R5
DQ382375,R5,R5,R5,R5,R5,R5,R5,R5,R5,R5,R5,R5,R5,R5,R5
DQ382374,R5,R5,R5,R5,R5,R5,R5,R5,R5,R5,R5,R5,R5,R5,R5
DQ382371,R5,R5,NR5,R5,R5,R5,R5,R5,R5,R5,R5,R5,R5,R5,R5
DQ382367,R5,R5,R5,R5,R5,R5,R5,R5,R5,R5,R5,R5,R5,R5,R5
DQ382366,R5,R5,R5,R5,R5,R5,R5,R5,R5,R5,R5,R5,R5,R5,R5
DQ382365,R5,R5,R5,R5,R5,R5,R5,R5,R5,R5,R5,R5,R5,R5,R5
DQ382364,R5,R5,R5,R5,R5,R5,R5,R5,R5,R5,R5,R5,R5,R5,R5
DQ382363,R5,R5,R5,R5,R5,R5,R5,R5,R5,R5,R5,R5,R5,R5,R5
DQ382361,R5,R5,R5,R5,R5,R5,R5,R5,R5,R5,R5,R5,R5,R5,R5
DQ358770,R5,R5,R5,R5,R5,R5,R5,R5,R5,R5,R5,R5,NR5,R5,R5
DQ358763,R5,R5,R5,R5,R5,R5,R5,R5,R5,R5,R5,R5,R5,R5,R5
DQ358761,R5,R5,R5,R5,R5,R5,R5,R5,R5,R5,R5,R5,R5,R5,R5
DQ358757,R5,R5,R5,R5,R5,R5,R5,R5,R5,NR5,R5,R5,R5,NR5,NR5
DQ235648,R5,R5,R5,R5,NR5,R5,R5,R5,R5,R5,NR5,R5,R5,R5,R5
DQ235647,R5,R5,R5,R5,R5,R5,R5,R5,R5,NR5,NR5,R5,R5,R5,R5
DQ235646,R5,R5,R5,R5,R5,R5,R5,R5,R5,R5,R5,R5,R5,R5,R5
DQ235645,R5,R5,R5,R5,NR5,R5,R5,R5,R5,R5,NR5,R5,R5,R5,R5
DQ235644,R5,R5,R5,R5,R5,R5,R5,R5,R5,R5,R5,R5,R5,R5,R5
DQ235641,R5,R5,R5,R5,R5,R5,R5,R5,R5,R5,R5,R5,R5,R5,R5
DQ235639,R5,R5,R5,R5,R5,R5,R5,R5,R5,R5,R5,R5,R5,R5,R5
DQ235638,R5,R5,R5,R5,R5,R5,R5,R5,R5,R5,R5,R5,R5,R5,R5
DQ235636,R5,R5,R5,R5,NR5,R5,R5,R5,R5,R5,R5,R5,R5,R5,R5
DQ235635,R5,R5,R5,R5,R5,R5,R5,R5,R5,R5,R5,R5,R5,R5,R5
DQ235634,R5,R5,R5,R5,R5,R5,R5,R5,R5,R5,R5,R5,R5,R5,R5
DQ235633,R5,R5,R5,R5,R5,R5,R5,R5,R5,R5,R5,R5,NR5,R5,R5
DQ235631,R5,R5,R5,R5,R5,R5,R5,R5,R5,R5,R5,R5,R5,R5,R5
DQ235629,R5,R5,R5,R5,R5,R5,R5,R5,R5,R5,R5,R5,R5,R5,R5
DQ235628,R5,R5,R5,R5,R5,R5,R5,R5,R5,R5,R5,R5,R5,R5,R5
DQ235626,R5,R5,R5,R5,R5,R5,R5,R5,R5,R5,R5,R5,R5,R5,R5
DQ235625,R5,R5,R5,R5,R5,R5,R5,R5,R5,R5,R5,R5,R5,R5,R5
DQ235624,R5,R5,R5,R5,R5,R5,R5,R5,R5,R5,R5,R5,R5,R5,R5
DQ235623,R5,R5,R5,R5,R5,R5,R5,R5,R5,R5,R5,R5,R5,R5,R5
DQ235622,R5,R5,R5,R5,R5,R5,R5,R5,R5,R5,R5,R5,R5,R5,R5
DQ235621,R5,R5,R5,R5,R5,R5,R5,R5,R5,R5,R5,R5,R5,R5,R5
DQ235620,R5,R5,R5,R5,R5,R5,R5,R5,R5,R5,R5,R5,R5,R5,R5
DQ235619,R5,R5,R5,R5,R5,R5,R5,R5,R5,R5,R5,R5,R5,R5,R5
DQ235618,R5,R5,R5,R5,R5,R5,R5,R5,R5,R5,R5,R5,R5,R5,R5
DQ235617,R5,R5,R5,R5,R5,R5,R5,R5,R5,R5,R5,R5,R5,R5,R5
DQ235616,R5,R5,R5,R5,R5,R5,R5,R5,R5,R5,R5,R5,NR5,R5,R5
DQ235615,R5,R5,R5,R5,R5,R5,R5,R5,R5,R5,NR5,R5,R5,R5,R5
AY887892,R5,R5,R5,R5,R5,R5,R5,R5,R5,R5,R5,R5,R5,R5,R5
AY887891,R5,R5,R5,R5,R5,R5,R5,R5,R5,R5,R5,R5,R5,R5,R5
AY887888,R5,R5,R5,R5,R5,R5,R5,R5,R5,R5,R5,R5,R5,R5,R5
AY887886,R5,R5,R5,R5,R5,R5,R5,R5,R5,NR5,R5,R5,R5,R5,R5
AY887885,R5,R5,R5,R5,R5,R5,R5,R5,R5,NR5,R5,R5,R5,R5,R5
AY887884,R5,NR5,NR5,R5,R5,R5,R5,R5,R5,NR5,NR5,R5,NR5,R5,R5
AY887883,R5,R5,R5,R5,R5,R5,R5,R5,R5,R5,R5,R5,R5,R5,R5
AY887882,R5,R5,R5,R5,R5,R5,R5,R5,R5,R5,R5,R5,R5,R5,R5
AY887881,R5,R5,R5,R5,R5,R5,R5,R5,R5,NR5,R5,R5,R5,NR5,R5
AY887880,R5,R5,R5,R5,R5,R5,R5,R5,R5,R5,R5,R5,R5,R5,R5
AY887879,R5,R5,R5,R5,R5,R5,R5,R5,R5,R5,R5,R5,R5,R5,R5
AY887878,R5,R5,R5,R5,R5,R5,R5,R5,R5,R5,R5,R5,R5,R5,R5
AY887877,R5,R5,R5,R5,R5,R5,R5,R5,R5,R5,R5,R5,R5,R5,R5
AY887876,R5,R5,R5,R5,R5,R5,R5,R5,R5,R5,R5,R5,R5,R5,R5
AY887874,R5,R5,R5,R5,R5,R5,R5,R5,R5,R5,R5,R5,R5,R5,R5
AY887873,R5,R5,R5,R5,R5,R5,R5,R5,R5,R5,R5,R5,R5,R5,R5
AY887872,R5,R5,R5,R5,R5,R5,R5,R5,R5,R5,R5,R5,R5,R5,R5
AY887871,R5,R5,R5,R5,R5,R5,R5,R5,R5,R5,R5,R5,R5,R5,R5
AY887870,R5,R5,R5,R5,R5,R5,R5,R5,R5,R5,R5,R5,R5,R5,R5
AY887868,R5,R5,R5,R5,R5,R5,R5,R5,R5,R5,R5,R5,R5,R5,R5
AY887867,R5,R5,R5,R5,R5,R5,R5,R5,R5,R5,NR5,R5,R5,R5,R5
AY887865,R5,NR5,NR5,NR5,NR5,NR5,NR5,NR5,NR5,NR5,NR5,NR5,NR5,NR5,NR5
AY887864,R5,R5,R5,R5,R5,R5,R5,R5,R5,R5,R5,R5,R5,R5,R5
AY887863,R5,R5,R5,R5,R5,R5,R5,R5,R5,R5,R5,R5,R5,R5,R5
AY887862,R5,R5,R5,R5,R5,R5,R5,R5,R5,R5,R5,R5,R5,R5,R5
AY887861,R5,R5,R5,R5,R5,R5,R5,R5,R5,R5,R5,R5,R5,R5,R5
AY887859,R5,R5,R5,R5,R5,R5,R5,R5,R5,R5,R5,R5,R5,R5,R5
AY887857,R5,R5,R5,R5,R5,R5,R5,R5,R5,R5,R5,R5,R5,R5,R5
AY887855,R5,R5,R5,R5,R5,R5,R5,R5,R5,R5,R5,R5,R5,R5,R5
AY887854,R5,R5,R5,R5,R5,R5,R5,R5,R5,R5,R5,R5,R5,R5,R5
AY887853,R5,R5,R5,R5,R5,R5,R5,R5,R5,R5,R5,R5,R5,R5,R5
AY736826,R5,R5,R5,R5,R5,R5,R5,R5,R5,R5,R5,R5,R5,R5,R5
AY736825,R5,R5,R5,R5,R5,R5,R5,R5,R5,NR5,NR5,R5,R5,R5,R5
AY736824,R5,R5,R5,R5,R5,R5,R5,R5,R5,R5,R5,R5,R5,R5,R5
AY736823,R5,R5,R5,R5,R5,R5,R5,R5,R5,R5,R5,R5,R5,R5,R5
AY713417,R5,R5,R5,R5,R5,R5,R5,R5,R5,R5,R5,R5,R5,R5,R5
AY713416,R5,R5,R5,R5,R5,R5,R5,R5,R5,R5,R5,R5,R5,R5,R5
AY713415,R5,R5,R5,R5,R5,R5,R5,R5,R5,R5,R5,R5,R5,R5,R5
AY669739,R5,R5,R5,R5,R5,R5,R5,R5,R5,R5,R5,R5,R5,R5,R5
AY585271,R5,R5,R5,R5,R5,R5,R5,R5,R5,R5,NR5,R5,NR5,R5,R5
AY529676,R5,R5,R5,R5,R5,R5,R5,R5,R5,R5,R5,R5,R5,R5,R5
AY529663,R5,R5,R5,R5,R5,R5,R5,R5,R5,R5,R5,R5,R5,R5,R5
AY510066,R5,R5,R5,R5,R5,R5,R5,R5,R5,R5,R5,R5,R5,R5,R5
AY510065,R5,R5,R5,R5,R5,R5,R5,R5,R5,R5,R5,R5,R5,R5,R5
AY510064,R5,R5,R5,R5,R5,R5,R5,R5,R5,R5,R5,R5,R5,R5,R5
AY510063,R5,R5,R5,R5,R5,R5,R5,R5,R5,R5,R5,R5,R5,NR5,R5
AY510062,R5,R5,R5,R5,R5,R5,R5,R5,R5,R5,R5,R5,R5,R5,R5
AY510061,R5,R5,R5,R5,R5,R5,R5,R5,R5,NR5,R5,R5,R5,R5,R5
AY510060,R5,R5,R5,R5,R5,R5,R5,R5,R5,NR5,R5,R5,R5,R5,R5
AY510059,R5,R5,NR5,R5,R5,R5,R5,R5,R5,R5,R5,R5,R5,R5,R5
AY510058,R5,R5,R5,R5,R5,R5,R5,R5,R5,NR5,R5,R5,R5,R5,R5
AY510057,R5,R5,R5,R5,R5,R5,R5,R5,R5,R5,R5,R5,R5,R5,R5
AY505002,R5,R5,R5,R5,R5,R5,R5,R5,R5,R5,R5,R5,R5,R5,R5
AY444801,R5,R5,R5,R5,R5,R5,R5,R5,R5,R5,R5,R5,R5,R5,R5
AY255825,R5,R5,R5,R5,R5,R5,R5,R5,R5,R5,R5,R5,R5,R5,R5
AY253322,R5,R5,R5,R5,R5,R5,R5,R5,R5,R5,R5,R5,R5,R5,R5
AY253308,R5,R5,R5,R5,R5,R5,R5,R5,R5,R5,R5,R5,R5,R5,R5
AY228556,R5,R5,R5,R5,R5,R5,R5,R5,R5,R5,R5,R5,R5,R5,R5
AY170667,R5,R5,R5,R5,R5,R5,R5,R5,R5,R5,R5,R5,R5,R5,R5
AY170666,R5,R5,R5,R5,R5,R5,R5,R5,R5,R5,R5,R5,R5,R5,R5
AY170665,R5,R5,R5,R5,R5,R5,R5,R5,R5,R5,R5,R5,R5,R5,R5
AY170664,R5,R5,R5,R5,R5,R5,R5,R5,R5,R5,R5,R5,R5,R5,R5
AY170663,R5,R5,R5,R5,R5,R5,R5,R5,R5,R5,R5,R5,R5,R5,R5
AY170662,R5,R5,R5,R5,R5,R5,R5,R5,R5,R5,R5,R5,R5,R5,R5
AY170661,R5,R5,R5,R5,R5,R5,R5,R5,R5,R5,R5,R5,R5,R5,R5
AY170660,R5,R5,R5,R5,R5,R5,R5,R5,R5,R5,R5,R5,R5,R5,R5
AY170659,R5,R5,R5,R5,R5,R5,R5,R5,R5,NR5,R5,NR5,NR5,R5,R5
AY170657,R5,R5,R5,R5,R5,R5,R5,R5,R5,R5,R5,R5,R5,R5,R5
AY158535,R5,R5,R5,R5,R5,R5,R5,R5,R5,R5,R5,R5,R5,R5,R5
AY158534,R5,R5,R5,R5,R5,R5,R5,R5,R5,NR5,R5,R5,R5,R5,R5
AY158533,R5,R5,R5,R5,R5,R5,R5,R5,R5,R5,R5,R5,R5,R5,R5
AY123278,R5,R5,R5,R5,R5,R5,R5,R5,R5,R5,NR5,R5,R5,R5,R5
AY118166,R5,R5,NR5,R5,R5,R5,R5,R5,R5,R5,R5,R5,R5,R5,R5
AY043175,R5,R5,R5,R5,R5,R5,R5,R5,R5,R5,R5,R5,R5,R5,R5
AF544008,R5,R5,R5,R5,R5,R5,R5,R5,R5,R5,R5,R5,R5,R5,R5
AF544007,R5,R5,R5,R5,R5,R5,R5,R5,R5,R5,R5,R5,R5,R5,R5
AF543920,R5,R5,R5,R5,R5,R5,R5,R5,R5,R5,R5,R5,R5,R5,R5
AF543913,R5,R5,R5,R5,R5,R5,R5,R5,R5,R5,R5,R5,R5,R5,R5
AF543911,R5,R5,R5,R5,R5,R5,R5,R5,R5,R5,R5,R5,R5,R5,R5
AF391250,R5,R5,R5,R5,R5,R5,R5,R5,R5,R5,R5,R5,R5,NR5,R5
AF391249,R5,R5,R5,R5,R5,R5,R5,R5,R5,R5,R5,R5,R5,R5,R5
AF391243,R5,R5,R5,R5,NR5,R5,R5,R5,R5,R5,R5,R5,R5,R5,R5
AF391242,R5,R5,R5,R5,R5,R5,R5,R5,R5,R5,R5,R5,R5,R5,R5
AF391240,R5,R5,R5,R5,R5,R5,R5,R5,R5,R5,R5,R5,R5,R5,R5
AF391238,R5,R5,R5,R5,R5,R5,R5,R5,R5,R5,R5,R5,R5,R5,R5
AF391231,R5,R5,R5,R5,R5,R5,R5,R5,R5,R5,R5,R5,R5,R5,R5
AF321523,R5,R5,R5,R5,R5,R5,R5,R5,R5,R5,R5,R5,R5,R5,R5
AF307756,R5,R5,R5,R5,R5,R5,R5,R5,R5,R5,R5,R5,R5,R5,R5
AF307755,R5,R5,R5,R5,R5,R5,R5,R5,R5,R5,R5,R5,R5,R5,R5
AF307750,R5,R5,R5,R5,R5,R5,R5,R5,R5,R5,R5,R5,R5,R5,R5
AF286234,R5,R5,R5,R5,R5,R5,R5,R5,R5,R5,R5,R5,R5,R5,R5
AF286232,R5,R5,R5,R5,R5,R5,R5,R5,R5,R5,R5,R5,R5,R5,R5
AF286227,R5,R5,R5,R5,R5,R5,R5,R5,R5,R5,R5,R5,R5,R5,R5
AF254782,R5,R5,R5,R5,R5,R5,R5,R5,R5,NR5,R5,R5,R5,R5,R5
AF254777,R5,R5,R5,R5,R5,R5,R5,R5,R5,R5,R5,R5,R5,R5,R5
AF254775,R5,R5,R5,R5,R5,R5,R5,R5,R5,R5,R5,R5,R5,R5,R5
AF254774,R5,R5,R5,R5,R5,R5,R5,R5,R5,NR5,NR5,R5,R5,R5,R5
AF254773,R5,R5,R5,R5,R5,R5,R5,R5,R5,R5,R5,R5,R5,R5,R5
AF254772,R5,R5,R5,R5,R5,R5,R5,R5,R5,R5,R5,R5,R5,R5,R5
AF254771,R5,R5,R5,R5,R5,R5,R5,R5,R5,R5,R5,R5,R5,R5,R5
AF254768,R5,R5,R5,R5,R5,R5,R5,R5,R5,NR5,R5,R5,R5,NR5,R5
AF254767,R5,R5,R5,R5,R5,R5,R5,R5,R5,R5,R5,R5,R5,R5,R5
AF254766,R5,R5,R5,R5,R5,R5,R5,R5,R5,R5,R5,R5,R5,R5,R5
AF153190,R5,R5,R5,R5,R5,R5,R5,R5,R5,R5,R5,R5,R5,R5,R5
AF153188,R5,R5,R5,R5,R5,R5,R5,R5,R5,R5,NR5,R5,R5,R5,R5
AF153187,R5,R5,R5,R5,R5,R5,R5,R5,R5,R5,R5,R5,R5,R5,R5
AF153185,R5,R5,R5,R5,R5,R5,R5,R5,R5,R5,R5,R5,R5,R5,R5
AF153184,R5,R5,R5,R5,R5,R5,R5,R5,R5,NR5,R5,R5,R5,NR5,R5
AF153183,R5,R5,R5,R5,R5,R5,R5,R5,R5,R5,R5,R5,R5,R5,R5
AF153182,R5,R5,R5,R5,R5,R5,R5,R5,R5,R5,R5,R5,R5,R5,R5
AF153181,R5,R5,R5,R5,R5,R5,R5,R5,R5,R5,R5,R5,R5,R5,R5
AF153180,R5,NR5,NR5,R5,R5,NR5,NR5,NR5,NR5,NR5,NR5,R5,R5,NR5,R5
AF153179,R5,R5,R5,R5,R5,R5,R5,R5,R5,R5,R5,R5,R5,R5,R5
AF153178,R5,R5,R5,R5,R5,R5,R5,R5,R5,R5,R5,R5,R5,R5,R5
AF153177,R5,R5,R5,R5,R5,R5,R5,R5,R5,R5,R5,R5,R5,R5,R5
AF153175,R5,R5,R5,R5,R5,R5,R5,R5,R5,R5,R5,R5,R5,R5,R5
AF153174,R5,R5,R5,R5,R5,R5,R5,R5,R5,R5,R5,R5,R5,R5,R5
AF153173,R5,R5,R5,R5,R5,R5,R5,R5,R5,R5,R5,R5,R5,R5,R5
AF153172,R5,R5,R5,R5,R5,R5,R5,R5,R5,R5,R5,R5,R5,R5,R5
AF153170,R5,R5,R5,R5,R5,R5,R5,R5,R5,R5,R5,R5,R5,R5,R5
AF153169,R5,R5,R5,R5,R5,R5,R5,R5,R5,R5,R5,R5,R5,R5,R5
AF153168,R5,R5,R5,R5,R5,R5,R5,R5,R5,R5,R5,R5,R5,R5,R5
AF153167,R5,R5,R5,R5,R5,R5,R5,R5,R5,R5,R5,R5,R5,R5,R5
AF153166,R5,R5,R5,R5,R5,R5,R5,R5,R5,NR5,R5,R5,R5,NR5,R5
AF153165,R5,R5,R5,R5,R5,R5,R5,R5,R5,NR5,R5,R5,R5,R5,R5
AF153164,R5,R5,R5,R5,R5,R5,R5,R5,R5,R5,R5,R5,R5,R5,R5
AF153163,R5,R5,NR5,R5,R5,R5,R5,R5,R5,NR5,R5,R5,R5,NR5,R5
AF153161,R5,R5,R5,R5,R5,R5,R5,R5,R5,R5,R5,R5,R5,R5,R5
AF153160,R5,R5,R5,R5,R5,R5,R5,R5,R5,R5,R5,R5,R5,R5,R5
AF153159,R5,R5,R5,R5,R5,R5,R5,R5,R5,R5,R5,R5,R5,R5,R5
AF153158,R5,R5,R5,R5,R5,R5,R5,R5,R5,NR5,R5,R5,R5,R5,R5
AF153157,R5,R5,R5,R5,R5,R5,R5,R5,R5,R5,R5,R5,R5,R5,R5
AF153156,R5,R5,R5,R5,R5,R5,R5,R5,R5,R5,R5,R5,NR5,R5,R5
AF153154,R5,R5,R5,R5,R5,R5,R5,R5,R5,R5,R5,R5,R5,R5,R5
AF153153,R5,R5,R5,R5,R5,R5,R5,R5,R5,R5,R5,R5,R5,R5,R5
AF153152,R5,R5,R5,R5,R5,R5,R5,R5,R5,R5,R5,R5,R5,R5,R5
AF153150,R5,R5,R5,R5,R5,R5,R5,R5,R5,R5,R5,R5,R5,R5,R5
AF153149,R5,R5,R5,R5,R5,R5,R5,R5,R5,R5,R5,R5,R5,R5,R5
AF153148,R5,R5,R5,R5,R5,R5,R5,R5,R5,R5,R5,R5,R5,R5,R5
AF153147,R5,R5,R5,R5,R5,R5,R5,R5,R5,R5,R5,R5,R5,R5,R5
AF153146,R5,R5,R5,R5,R5,R5,R5,R5,R5,R5,R5,R5,R5,R5,R5
AF153145,R5,R5,R5,R5,R5,R5,R5,R5,R5,R5,R5,R5,R5,R5,R5
AF153144,R5,R5,R5,R5,R5,R5,R5,R5,R5,NR5,R5,R5,R5,NR5,R5
AF153143,R5,R5,R5,R5,R5,R5,R5,R5,R5,R5,R5,R5,R5,R5,R5
AF153142,R5,R5,R5,R5,R5,R5,R5,R5,R5,R5,R5,R5,R5,R5,R5
AF153141,R5,R5,R5,R5,R5,R5,R5,R5,R5,R5,R5,R5,R5,R5,R5
AF153140,R5,R5,R5,R5,R5,R5,R5,R5,R5,R5,R5,R5,R5,R5,R5
AF153139,R5,R5,R5,R5,R5,R5,R5,R5,R5,R5,R5,R5,R5,R5,R5
AF153138,R5,R5,R5,R5,R5,R5,R5,R5,R5,R5,R5,R5,R5,R5,R5
AF153137,R5,R5,R5,R5,R5,R5,R5,R5,R5,R5,R5,R5,R5,R5,R5
AF153136,R5,R5,R5,R5,R5,R5,R5,R5,R5,R5,R5,R5,R5,R5,R5
AF153134,R5,R5,R5,R5,R5,R5,R5,R5,R5,R5,R5,R5,R5,R5,R5
AF153132,R5,R5,R5,R5,R5,R5,R5,R5,R5,R5,R5,R5,R5,R5,R5
AF153131,R5,R5,R5,R5,R5,R5,R5,R5,R5,R5,R5,R5,R5,R5,R5
AF153130,R5,R5,R5,R5,R5,R5,R5,R5,R5,R5,R5,R5,R5,R5,R5
AF153129,R5,R5,R5,R5,R5,R5,R5,R5,R5,R5,R5,R5,R5,R5,R5
AF067158,R5,R5,R5,R5,R5,R5,R5,R5,R5,R5,R5,R5,R5,R5,R5
AF067154,R5,R5,R5,R5,R5,R5,R5,R5,R5,R5,R5,R5,R5,R5,R5
